arm,k1,f_res,g,gain_a,gain_b,f2_pred,m1,m2,anti,all,n,f2_err_kHz,f2_over_f1,gain_ratio_dB,ell
A only,391.87884399766364,292729.9983641758,9028.557521039707,20.29285746818292,,757703.12,2.210701081462716,19.92003972616803,15.913222798838262,7.912638321422335,3,-144.8125,2.588402706364813,,
"A+B, 1 gain",1065.2715952235367,292300.178133533,13554.78175955969,19.646674654108352,,902953.12,9.742326312206028,1.2726711796530121,10.959695765519896,2.054854671432009,3,0.4375,3.0891295577230173,,
"A+B, per-band",974.274017451351,294112.47732674796,18888.28647107536,20.182056479297273,19.298221981557777,901203.12,6.322692899348448,2.97623188855536,14.427939423124108,4.06881070908217,3,-1.3125,3.064144466740175,-7.676888905679904,
"A+B, per-band +GP",974.274017451351,294112.47732674796,18888.28647107536,20.182056479297273,19.298221981557777,901203.12,,,,,3,-1.3125,3.064144466740175,-7.676888905679904,
A only,391.5786257906232,292742.90012038295,9037.352817285733,20.35350563932852,,757703.12,1.6737785663451497,19.591480104146747,18.490480313099734,8.448716683852043,4,-144.8125,2.588288630359316,,
"A+B, 1 gain",759.8626233990806,293269.7102902071,19999.90433458271,20.69706056784639,,878453.12,1.5925481357715023,5.094971911782639,21.04937117109609,9.515834041801511,4,-24.0625,2.995376232788311,,
"A+B, per-band",1003.3253442245206,293332.39848150645,18007.06444343776,20.30837891710084,19.51251017033051,902515.62,4.40138405035478,1.4405862087178736,17.92264634625143,4.494515528329103,4,0.0,3.0767676010970892,-6.912828100832197,
"A+B, per-band +GP",1003.3253442245206,293332.39848150645,18007.06444343776,20.30837891710084,19.51251017033051,902515.62,,,,,4,0.0,3.0767676010970892,-6.912828100832197,
A only,391.8743667488749,292764.2746504505,9031.927540870549,20.399857609332386,,757703.12,1.249511135824895,19.36864245221966,21.820980055261913,8.968882096981623,5,-144.8125,2.588099661082859,,
"A+B, 1 gain",1014.4561798764627,293192.1196072453,11188.7284213864,19.746313888918333,,902078.12,8.542225379438069,0.9541253380741457,16.869375425192228,2.770969248194688,5,-0.4375,3.076747496516642,,
"A+B, per-band",972.4060498018829,294157.74518558604,19682.29826031982,20.47320467836682,19.416750942865843,901203.12,3.980382701887569,2.00356035900361,22.443293688700948,4.03737494936666,5,-1.3125,3.063672926345778,-9.176240554283035,
"A+B, per-band +GP",972.4060498018829,294157.74518558604,19682.29826031982,20.47320467836682,19.416750942865843,902515.62,0.5335404236578014,0.5237982170795552,15.526618326859023,1.0968601348347686,5,0.0,3.0681348180398818,-9.176240554283035,15.0
A only,389.76035288119544,292772.1302731254,9250.671235858616,20.432555044216162,,757703.12,0.9711151614813838,19.10995269929198,21.007355236421738,9.023632385119301,6,-144.8125,2.588030217538613,,
"A+B, 1 gain",1011.1899051914522,293243.81566042034,11428.626802051398,19.800531994661235,,902078.12,8.145465712387029,1.3734694243341892,16.21830557047459,3.071086714674406,6,-0.4375,3.0762050956416984,,
"A+B, per-band",971.7873342055673,294167.18315942143,19999.90433458271,20.561561031990234,19.461013767541495,901203.12,3.3773328557330187,1.6485268270644904,21.87839659144213,3.6060423063441513,6,-1.3125,3.0635746323599955,-9.559232080476125,
"A+B, per-band +GP",971.7873342055673,294167.18315942143,19999.90433458271,20.561561031990234,19.461013767541495,902515.62,0.31011353103857875,0.3271993449422371,13.607304927221671,0.7498944794069873,6,0.0,3.068036380900072,-9.559232080476125,8.0
A only,385.9598954290199,292813.276916288,9559.770017659084,20.47044509355166,,746765.62,0.6257590172823683,18.976129920090766,22.402944004115813,9.262086111167264,8,-155.75,2.550313386962613,,
"A+B, 1 gain",1532.2204564120677,293404.521984277,19999.90433458271,20.945579847689235,,923078.12,2.433068560042078,4.815538209685685,26.376570790518578,9.588127874386563,8,20.5625,3.1460937062499195,,
"A+B, per-band",968.5082071635173,294251.1995659374,19999.90433458271,20.699102141734294,19.499051828499056,901640.62,3.459727108960128,1.3670615304031117,24.346413627048136,3.2628832747516507,8,-0.875,3.064186726613346,-10.423504580886654,
"A+B, per-band +GP",968.5082071635173,294251.1995659374,19999.90433458271,20.699102141734294,19.499051828499056,902515.62,0.19754520566636946,0.25777989979635424,10.68209634753485,0.4988952383623647,8,0.0,3.0671603763428648,-10.423504580886654,8.0
A only,371.62732615236257,292823.5627689408,9938.063585359261,20.49699821282245,,746765.62,0.3551520125468258,19.290462136492657,22.360648122952,9.357920525753121,10,-155.75,2.5502238035033153,,
"A+B, 1 gain",1557.576113640986,293194.0363760955,19999.90433458271,20.98019314036747,,923078.12,2.3853096120922848,4.735019664182867,26.515271412824546,9.8293539141523,10,20.5625,3.1483523041918864,,
"A+B, per-band",997.9163745964125,293402.82731518336,18028.473418406415,20.722759702337104,19.54326061331118,902515.62,1.9352408277624602,1.231895698975878,24.41828219209686,3.166912206411518,10,0.0,3.076029049408194,-10.244998915477426,
"A+B, per-band +GP",997.9163745964125,293402.82731518336,18028.473418406415,20.722759702337104,19.54326061331118,902515.62,0.17373182386732267,0.25110388220210994,8.625240422458717,0.4623908873057575,10,0.0,3.076029049408194,-10.244998915477426,8.0
A only,350.05491170156773,292847.5196935255,10563.308472077997,20.498826489875686,,724453.12,0.2693488179464588,20.161930482284944,22.22275475413834,9.36781021005384,12,-178.0625,2.4738236497893644,,
"A+B, 1 gain",1556.7870139917404,293190.1686556354,19999.90433458271,20.99283063996242,,923078.12,2.45038267630264,4.710725690471843,26.66504073540025,9.937302049472448,12,20.5625,3.148393836780371,,
"A+B, per-band",1000.3074029582847,293353.7673492354,18385.85716571232,20.741584221476163,19.56427808902377,902515.62,1.908932220905081,1.0772152455144473,24.581705012909758,3.1352995939012236,12,0.0,3.076543479073722,-10.22595113669867,
"A+B, per-band +GP",1000.3074029582847,293353.7673492354,18385.85716571232,20.741584221476163,19.56427808902377,902078.12,0.18542883007673677,0.1940784981712669,6.855648105928939,0.39940499027984055,12,-0.4375,3.075052105692179,-10.22595113669867,8.0
A only,369.5717319879473,292855.1663643205,11944.97214117858,20.551087198741307,,736265.62,0.3304677771114587,18.90222945558133,23.18757561601761,9.634098290922658,16,-166.25,2.5140946944540628,,
"A+B, 1 gain",1579.5870326011511,293156.8788783822,19999.90433458271,21.037126977334303,,923515.62,2.6915113144294787,4.6465145943269,27.14341642809897,10.261213809912203,16,21.0,3.150243731388359,,
"A+B, per-band",1000.1807459748675,293343.81102602143,19999.90433458271,20.796805967566375,19.597564892659797,902515.62,2.016126996412426,0.926670902134616,25.169898347207003,3.0525768723617936,16,0.0,3.0766478994163653,-10.41647562607302,
"A+B, per-band +GP",1000.1807459748675,293343.81102602143,19999.90433458271,20.796805967566375,19.597564892659797,902515.62,0.1271145732235518,0.16490691614532008,5.805922719612142,0.3237824258812252,16,0.0,3.0766478994163653,-10.41647562607302,8.0
A only,339.20364824370404,292834.58723775524,10614.859602326196,20.49288726971556,,724453.12,0.2467331788498789,20.663223660853767,22.247239418185988,9.320568507543886,20,-178.0625,2.473932901279211,,
"A+B, 1 gain",1571.1367499124544,293157.239763504,19999.90433458271,21.035441994472635,,923515.62,2.7085628232059715,4.658741370164666,27.095677887172762,10.256664373105535,20,21.0,3.1502398533463443,,
"A+B, per-band",1000.1770770049786,293352.71113784146,18803.86452347754,20.77739255979532,19.60184101014944,902515.62,2.013863565341493,0.8636029006254492,24.937263946839437,3.0826448428043314,20,0.0,3.076554556115635,-10.210711024080457,
"A+B, per-band +GP",1000.1770770049786,293352.71113784146,18803.86452347754,20.77739255979532,19.60184101014944,902515.62,0.12875180249400692,0.1489912123813391,5.659771105631717,0.3095257025224658,20,0.0,3.076554556115635,-10.210711024080457,8.0
A only,318.378987745483,292836.0924729323,10189.791591926352,20.45900029266818,,713078.12,0.35793745136596755,21.851460094557396,22.8793039893157,9.153777374241667,30,-189.4375,2.435075929262073,,
"A+B, 1 gain",1578.620034595615,293121.1776070061,19999.90433458271,21.0520626638404,,923515.62,2.789517868273207,4.625828080908011,27.02088221005674,10.368440497692013,30,21.0,3.1506274215306864,,
"A+B, per-band",1000.5962252420726,293325.64566874667,19599.93720031349,20.79616188427459,19.620565227141306,902515.62,1.9647783226324373,0.807436301481046,24.783994233634083,3.0640367364626786,30,0.0,3.0768384330745255,-10.211102822737883,
"A+B, per-band +GP",1000.5962252420726,293325.64566874667,19599.93720031349,20.79616188427459,19.620565227141306,902515.62,0.1299522365875806,0.1318328784212386,4.7827103967663405,0.2892251612515805,30,0.0,3.0768384330745255,-10.211102822737883,8.0
