below mode 1,below mode 1_cov,mode 1 ridge,mode 1 ridge_cov,mode 1 anti-res,mode 1 anti-res_cov,valley 1-2,valley 1-2_cov,mode 2 ridge,mode 2 ridge_cov,mode 2 flank,mode 2 flank_cov,above mode 2,above mode 2_cov,all,frac3dB,frac6dB,cov_frac,sig,sig_frac3dB,sig_bins,nrmse_cplx,phase_deg,rec,n,ell,k1,f_res
0.18417371696299822,1.0,0.12677420914851562,1.0,0.3331862574916924,1.0,0.4279205430928674,1.0,0.3706670586414788,1.0,0.28304206097562346,1.0,0.4582447046545911,1.0,0.35435522261617014,0.956609375,0.9838307291666667,1.0,0.20027365413101114,0.973718475877193,304,4.89840843321021,1.3524585397834563,gp,5,30.0,,
0.19147522755629034,1.0,0.14550863485922616,1.0,0.32923384636456443,1.0,0.4393609973423097,1.0,0.2970993994732402,1.0,0.25954040110906385,1.0,0.40287880521703,1.0,0.3271266034452007,0.9568815789473685,0.9843868421052632,1.0,0.19573590646120798,0.9762119113573408,304,4.907173776770418,1.396471270088358,gp,6,30.0,,
0.16962677579511903,1.0,0.11938315302848836,1.0,0.3076166379832451,1.0,0.40351399338410315,1.0,0.29901022282616224,1.0,0.24553930313308478,1.0,0.36807779473483737,1.0,0.3014569163600186,0.9634569892473118,0.9872123655913978,1.0,0.18037842921218958,0.9755588568194681,304,4.520299647842414,1.2587737728972612,gp,8,30.0,,
0.16057112279178953,1.0,0.101029082092413,1.0,0.2887492053743187,1.0,0.3867579719100617,1.0,0.19639415300887425,1.0,0.22541346178144384,1.0,0.31037547606440974,1.0,0.265828305068067,0.9639353932584269,0.9869325842696629,1.0,0.1412275607494642,0.9750147841513898,304,4.230771462202756,1.2435878940825096,gp,12,30.0,,
0.15648435196698787,1.0,0.10600746167996983,1.0,0.2776753437540367,1.0,0.3723081931100883,1.0,0.16921856310806205,1.0,0.19859271453946747,1.0,0.2796574088334123,1.0,0.24417104450179594,0.9663518518518519,0.9873425925925926,1.0,0.13270619023621824,0.9752680311890838,304,4.206894667152795,1.1788615433966612,gp,20,30.0,,
0.14930247634173827,1.0,0.09990885710229899,1.0,0.26464113439842374,1.0,0.3637157910466668,1.0,0.15772406101348932,1.0,0.18763227726302883,1.0,0.2715416557523055,1.0,0.23480321677942206,0.9671056338028169,0.9875809859154929,1.0,0.12130203851710834,0.9780392883617495,304,3.7537332407505697,1.130305058958334,gp,30,30.0,,
0.15265075738638773,0.4343065693430657,0.10281923411973937,1.0,0.3230133212002998,1.0,0.7118132392307666,0.5010940919037199,,0.0,,0.0,,0.0,0.2714064719381184,0.9583022078353254,0.9852568891102258,0.251,0.0978923160270716,0.9925491898148148,144,4.028817153985897,1.1136322982850257,eb_gp,5,60.0,393.6140528132719,292772.2306255196
0.15202271800680373,0.4343065693430657,0.12677420914851562,1.0,0.3331862574916924,1.0,0.4738169261974178,0.5010940919037199,,0.0,,0.0,,0.0,0.26571040999125484,0.9559366699867198,0.9830988545816733,0.251,0.12516001932892043,0.9658564814814815,144,2.808595955017462,0.8526615328499999,gp@eb_gp,5,30.0,,
0.13907681389010057,0.4343065693430657,0.08875197422331185,1.0,0.3301599503844882,1.0,0.6597373272741746,0.5010940919037199,,0.0,,0.0,,0.0,0.25953682248114074,0.9581044244076327,0.9851750891172153,0.251,0.08791439184390981,0.9929824561403509,144,3.767126261748755,1.0747371979155917,eb_gp,6,60.0,392.0465912591317,292780.44402698515
0.15767257903429688,0.4343065693430657,0.14550863485922616,1.0,0.32923384636456443,1.0,0.48080619434048316,0.5010940919037199,,0.0,,0.0,,0.0,0.26587132609887754,0.9581044244076327,0.9849024952820298,0.251,0.14198307103278954,0.9725877192982456,144,2.778634068609151,0.8677852579139116,gp@eb_gp,6,30.0,,
0.13074369797273439,0.4343065693430657,0.09608969405076868,1.0,0.30104121376148163,1.0,0.5264182316959388,0.5010940919037199,,0.0,,0.0,,0.0,0.2386236921477971,0.9655999657284839,0.9883048451355867,0.251,0.0904180289955652,0.9946983273596177,144,3.1369041238683035,0.943558239827904,eb_gp,8,30.0,388.31897212947234,292804.6842358165
0.13800498164467417,0.4343065693430657,0.11938315302848836,1.0,0.3076166379832451,1.0,0.43649474053771076,0.5010940919037199,,0.0,,0.0,,0.0,0.24261424875854776,0.9626547573148267,0.9867412072141541,0.251,0.1177503379198627,0.9746117084826762,144,2.685679204935908,0.8252105173587129,gp@eb_gp,8,30.0,,
0.12492527421530877,0.4324817518248175,0.09193312376549054,1.0,0.28403223261217503,1.0,0.5239552026512712,0.5032822757111597,,0.0,,0.0,,0.0,0.2269112769128061,0.9660011638837906,0.9874770580598953,0.251,0.08709854166663933,0.9955524344569289,144,2.8721963703110025,0.8934133947947381,eb_gp,12,30.0,353.9351808246203,292842.89892128325
0.12604537041740047,0.4324817518248175,0.101029082092413,1.0,0.2887492053743187,1.0,0.4252748149809886,0.5032822757111597,,0.0,,0.0,,0.0,0.22597932677716526,0.9638860289180358,0.9868279690227852,0.251,0.09764221652922295,0.975187265917603,144,2.425575290621347,0.7944448652838811,gp@eb_gp,12,30.0,,
0.12461411414564576,0.4324817518248175,0.08410632700361315,1.0,0.2722471467218142,1.0,0.493811830387864,0.5032822757111597,,0.0,,0.0,,0.0,0.2193662023850883,0.9689267620874527,0.9883306281048645,0.251,0.08420857970910783,0.9954561042524005,144,2.574572859585677,0.8207167052206975,eb_gp,20,30.0,350.2368074536794,292844.65517793497
0.1250033429370042,0.4324817518248175,0.10600746167996983,1.0,0.2776753437540367,1.0,0.40531981221488556,0.5032822757111597,,0.0,,0.0,,0.0,0.21824733139095895,0.964561507058187,0.9867935664748414,0.251,0.10178024106032454,0.9768518518518519,144,2.358740788894039,0.7580585629843447,gp@eb_gp,20,30.0,,
0.11581702269557032,0.4324817518248175,0.08081714105242624,1.0,0.2551106823951563,1.0,0.4634141156558542,0.5032822757111597,,0.0,,0.0,,0.0,0.20385129674185304,0.969025307221817,0.9885808877167387,0.251,0.07918583655464766,0.996576682316119,144,2.31703763158448,0.787287364397868,eb_gp,30,30.0,319.2095743068214,292843.9034528649
0.1181413271267803,0.4324817518248175,0.09990885710229899,1.0,0.26464113439842374,1.0,0.3978549872396816,0.5032822757111597,,0.0,,0.0,,0.0,0.20627635282066872,0.9653779249200382,0.9875848717804837,0.251,0.09359960884808231,0.9798513302034428,144,2.144052935999152,0.7305461276703119,gp@eb_gp,30,30.0,,
0.14490883940311772,0.4343065693430657,0.10048574860858667,1.0,0.2787603797069571,1.0,0.502671498480661,0.5010940919037199,,0.0,,0.0,,0.0,0.23404699695083306,0.9638010458167331,0.9868857901726428,0.251,0.09415153090523198,0.9925491898148148,144,4.076970659497828,1.061206544016354,fem_gp,5,60.0,1310.4350191772025,292798.9985773408
0.15202271800680373,0.4343065693430657,0.12677420914851562,1.0,0.3331862574916924,1.0,0.4738169261974178,0.5010940919037199,,0.0,,0.0,,0.0,0.26571040999125484,0.9559366699867198,0.9830988545816733,0.251,0.12516001932892043,0.9658564814814815,144,2.808595955017462,0.8526615328499999,gp@fem_gp,5,30.0,,
0.13393122420351194,0.4343065693430657,0.08729135504482713,1.0,0.28305504151767746,1.0,0.47002604199219417,0.5010940919037199,,0.0,,0.0,,0.0,0.2245467780215283,0.9638813168379116,0.987072761585238,0.251,0.0850779373236983,0.993421052631579,144,3.800151237782936,1.018965276246914,fem_gp,6,60.0,1289.8753090415184,292798.927435073
0.15767257903429688,0.4343065693430657,0.14550863485922616,1.0,0.32923384636456443,1.0,0.48080619434048316,0.5010940919037199,,0.0,,0.0,,0.0,0.26587132609887754,0.9581044244076327,0.9849024952820298,0.251,0.14198307103278954,0.9725877192982456,144,2.778634068609151,0.8677852579139116,gp@fem_gp,6,30.0,,
0.1285852502267859,0.4343065693430657,0.09564251742020206,1.0,0.27696304695714563,1.0,0.4448170215837116,0.5010940919037199,,0.0,,0.0,,0.0,0.2212530518553954,0.9671100544060318,0.9887011095403333,0.251,0.0892979394475584,0.9947729988052568,144,3.1448618516981672,0.9251150660349607,fem_gp,8,30.0,1254.212308578209,292810.8954816827
0.13800498164467417,0.4343065693430657,0.11938315302848836,1.0,0.3076166379832451,1.0,0.43649474053771076,0.5010940919037199,,0.0,,0.0,,0.0,0.24261424875854776,0.9626547573148267,0.9867412072141541,0.251,0.1177503379198627,0.9746117084826762,144,2.685679204935908,0.8252105173587129,gp@fem_gp,8,30.0,,
0.12336432702317307,0.4343065693430657,0.09196161289857274,1.0,0.2654807061202914,1.0,0.4320571243583652,0.5010940919037199,,0.0,,0.0,,0.0,0.2100338100712183,0.9676462688571557,0.9880813823358252,0.251,0.08632760415619067,0.9955524344569289,144,2.897220568374415,0.8765243104210253,fem_gp,12,30.0,1247.4399445802746,292800.76447035477
0.12633654350597517,0.4343065693430657,0.101029082092413,1.0,0.2887492053743187,1.0,0.4253875372249344,0.5010940919037199,,0.0,,0.0,,0.0,0.225746929677106,0.9639419848695108,0.9868615425936703,0.251,0.09764221652922295,0.975187265917603,144,2.425570327168442,0.7943394363925185,gp@fem_gp,12,30.0,,
0.1232344972436131,0.4343065693430657,0.08435398636365705,1.0,0.25303895002894683,1.0,0.4159566970941245,0.5010940919037199,,0.0,,0.0,,0.0,0.20495534946251248,0.9697383306281049,0.9888347843195121,0.251,0.08333250233747044,0.9958847736625515,144,2.5919244140554745,0.8055206173329973,fem_gp,20,30.0,1072.1961041720167,292778.58206020575
0.12514519441259303,0.4343065693430657,0.10600746167996983,1.0,0.2776753437540367,1.0,0.40505313746988575,0.5010940919037199,,0.0,,0.0,,0.0,0.21796092265520559,0.9646352860164281,0.9868058629678815,0.251,0.10178024106032454,0.9768518518518519,144,2.3587258557922564,0.7578487145465359,gp@fem_gp,20,30.0,,
0.11458147155739981,0.4343065693430657,0.0809434690378523,1.0,0.2409765569240066,1.0,0.39465166532818907,0.5010940919037199,,0.0,,0.0,,0.0,0.19245533153684746,0.969838954042983,0.9888474271926379,0.251,0.07821585137674365,0.9963810641627543,144,2.329316897634785,0.7730229798376247,fem_gp,30,30.0,894.7177052003361,292784.169968689
0.11826186408933737,0.4343065693430657,0.09990885710229899,1.0,0.26464113439842374,1.0,0.3974728001913108,0.5010940919037199,,0.0,,0.0,,0.0,0.20604635023683995,0.9654620952808485,0.9875989001739521,0.251,0.09359960884808231,0.9798513302034428,144,2.144044677471456,0.7304073029174653,gp@fem_gp,30,30.0,,
0.14213120546735253,0.4306569343065693,0.10531994275509572,1.0,0.3023448294677695,1.0,0.5291068042798636,1.0,0.17457642709929078,1.0,0.2455539107096868,1.0,0.30620448824000446,0.10401647785787847,0.2731975450636809,0.9594568567026194,0.9855225988700564,0.48675,0.12916543122580493,0.9906358885017421,287,5.16668202597216,1.4333641934735355,eb2_gp,5,30.0,984.2557815528041,293809.42079345125
0.15171272102095995,0.4306569343065693,0.12677420914851562,1.0,0.3331862574916924,1.0,0.4279205430928674,1.0,0.3706670586414788,1.0,0.28304206097562346,1.0,0.4169865180582919,0.10401647785787847,0.2970574035929856,0.9467931432973806,0.9800494350282486,0.48675,0.19184341475521732,0.9727787456445993,287,4.8802235065459225,1.1570623594426102,gp@eb2_gp,5,30.0,,
0.14246011057227306,0.4306569343065693,0.10155236676698373,1.0,0.3058458298742369,1.0,0.5210350859624833,1.0,0.1659968572072837,1.0,0.22956724872424733,1.0,0.27072834863110096,0.10401647785787847,0.2610775879877087,0.9588300489281756,0.9858351580028654,0.48675,0.12776159539466353,0.9917109847790208,287,5.0744602764746904,1.4016505663842356,eb2_gp,6,30.0,983.7702260252491,293823.352947596
0.15720890748957111,0.4306569343065693,0.14550863485922616,1.0,0.32923384636456443,1.0,0.4393609973423097,1.0,0.2970993994732402,1.0,0.25954040110906385,1.0,0.37931057810084756,0.10401647785787847,0.2877637068396291,0.9495796502040926,0.9818668396723704,0.48675,0.19051808301465134,0.9758298184485604,287,4.8962017844839485,1.2107332503174555,gp@eb2_gp,6,30.0,,
0.12963864597102537,0.4306569343065693,0.10943250601566404,1.0,0.31955914860329715,1.0,0.5242830274689111,1.0,0.1751361345396257,1.0,0.21657456375601225,1.0,0.2618006168600906,0.10504634397528322,0.2562918763657363,0.9639517370363627,0.9880556337134566,0.48725,0.12757159159171855,0.9908958075755873,287,4.686784257408951,1.2767109108575738,eb2_gp,8,30.0,979.2479022082425,293978.87373245036
0.13797965470955303,0.4306569343065693,0.11938315302848836,1.0,0.3076166379832451,1.0,0.40351399338410315,1.0,0.29901022282616224,1.0,0.24553930313308478,1.0,0.3527005989316466,0.10504634397528322,0.2675029435180382,0.9559796311314873,0.9844750823416475,0.48725,0.1758499966525851,0.9745981791615151,287,4.509142044169319,1.076645881893007,gp@eb2_gp,8,30.0,,
0.12332361503329137,0.4306569343065693,0.09854245358223089,1.0,0.30881122387910753,1.0,0.49169222788508005,1.0,0.1253780878201252,1.0,0.20278789924867285,1.0,0.24005499348383805,0.10401647785787847,0.23656882899174597,0.9642261502859484,0.9875579254745128,0.48675,0.1073969522327683,0.9920526171553851,287,4.353842013634578,1.195675888301688,eb2_gp,12,30.0,984.4148441620378,293742.1027994444
0.12574041587887325,0.4306569343065693,0.101029082092413,1.0,0.2887492053743187,1.0,0.3867579719100617,1.0,0.19639415300887425,1.0,0.22541346178144384,1.0,0.2889687602457896,0.10401647785787847,0.24265327706064457,0.9561007138611405,0.9837145017110738,0.48675,0.13924452538207213,0.9736522726382962,287,4.2222133697830975,1.0655911592056628,gp@eb2_gp,12,30.0,,
0.12263955843924139,0.4306569343065693,0.08462743726715592,1.0,0.2952709392862277,1.0,0.47260033803526674,1.0,0.11725557481742561,1.0,0.18391698954303975,1.0,0.21530564168598454,0.1035015447991761,0.22228591044344942,0.9664458909063226,0.9877875477395861,0.4865,0.09972910589828723,0.9920850002150815,287,4.246289848763051,1.11207118155717,eb2_gp,20,30.0,985.3992626659716,293698.50519354414
0.12486847138610008,0.4306569343065693,0.10600746167996983,1.0,0.2776753437540367,1.0,0.3723081931100883,1.0,0.16921856310806205,1.0,0.19859271453946747,1.0,0.24311161872648446,0.1035015447991761,0.22395423729971642,0.959302399350361,0.9846218263484451,0.4865,0.13155850138524844,0.9740611691831204,287,4.204000772885017,1.0180575913282248,gp@eb2_gp,20,30.0,,
0.11457730170925748,0.4306569343065693,0.08286941414423092,1.0,0.281064405487948,1.0,0.43906245939098454,1.0,0.1095665610125885,1.0,0.17749624045563675,1.0,0.19736265429301264,0.1035015447991761,0.20850459419493284,0.9672350650666589,0.9878696640273295,0.4865,0.0934939503139179,0.9930313588850174,287,3.7762687978668286,1.0515466803697535,eb2_gp,30,30.0,985.3735167714868,293673.3332853324
0.11804085861451019,0.4306569343065693,0.09990885710229899,1.0,0.26464113439842374,1.0,0.3637157910466668,1.0,0.15772406101348932,1.0,0.18763227726302883,1.0,0.22921311789345003,0.1035015447991761,0.21190085141732096,0.9608803902552002,0.9856694121563916,0.4865,0.12078733025791745,0.9772783039701625,287,3.7460633304436586,0.9672191682334415,gp@eb2_gp,30,30.0,,
